countryname,ccode,year,source,sample,region,incgroup,pub_obs,pemp_obs,emp_obs,fullsample_obs,ps1,ps1_mal,ps1_fem,ps1_urb,ps1_rur,ps2,ps2_mal,ps2_fem,ps2_urb,ps2_rur,ps3,filter,coefreg,coefreg_f,wpedu1,wpedu2,wpedu3,wpedu4,wpocup1,wpocup2,wpocup3,wpocup4,wpocup9,wpmale,wpfemale,diff_mean_0,diff_median_0,diff_mean_1,diff_median_1,compratio_0,compratio_1,cont_pub,cont_prv,hins_pub,hins_prv,ssec_pub,ssec_prv,union_pub,union_prv,female_0,age_mean_0,age_med_0,ed0_0,ed1_0,ed2_0,ed3_0,rur_0,female_1,age_mean_1,age_med_1,ed0_1,ed1_1,ed2_1,ed3_1,rur_1,psedu3,occup_1_pu,occup_2_pu,occup_3_pu,occup_4_pu,occup_9_pu,occup_1_pr,occup_2_pr,occup_3_pr,occup_4_pr,occup_9_pr,quintile_1_pu,quintile_2_pu,quintile_3_pu,quintile_4_pu,quintile_5_pu,quintile_1_pr,quintile_2_pr,quintile_3_pr,quintile_4_pr,quintile_5_pr,rwoccup_0_1,rwoccup_0_2,rwoccup_0_3,rwoccup_1_1,rwoccup_1_2,rwoccup_1_3,sample1,lngdppc,wage_gdp,wage_x,seq,max,keep
Afghanistan,AFG,2011,I2D2,afg_2011_i2d2_nrva_v01_m_v02_a.dta,South Asia,Low income,3826,12747,38229,80122,.28297335,,,,,.10950229,,,,,,Wage,,,,,,,,,,,,,,,,,,,,,,,,,,,,,,,,,,,,,,,,,,,,,,,,,,,,,,,,,,,,,,,,,,,,,,,afg_2011_i2d2_nrva_v01_m_v02_a.dta,7.4457612,12.51914,57.138931,3,3,1
Angola,AGO,2014,I2D2,ago_2014_i2d2_census.dta,Sub-Saharan Africa,Upper middle income,40763,185506,509107,1298309,.21973953,,,,,.080067649,,,,,,Wage,,,,,,,,,,,,,,,,,,,,,,,,,,,,,,,,,,,,,,,,,,,,,,,,,,,,,,,,,,,,,,,,,,,,,,,ago_2014_i2d2_census.dta,8.8980694,10.26266,24.98457,3,3,1
Albania,ALB,2012,I2D2,alb_2012_i2d2_lsms_v01_m_v05_a.dta,Europe & Central Asia,Upper middle income,1270,3310,6083,20435,.3566094,.29876685,.45990989,.37940955,.28535229,.19957626,.16129838,.2753979,.28955317,.087102532,.48627672,Passed all,.010696201,-.032995038,-.23010874,-.23010874,-.20474866,-.23010874,,,,,,-.06252782,.11743061,.77253014,.69999993,.91481698,.97222227,3.5999997,2.6000001,,,,,.96853942,.56712806,,,.30131963,39.863247,40,,,,,.26925424,.46293059,44.51313,45,,,,,.19396965,.54644912,,,,,,,,,,,.48661336,.55633676,.45673352,.52760744,.33241788,.46597719,.33936203,.18499312,.21319929,.19634326,,,,,,,alb_2012_i2d2_lsms_v01_m_v05_a.dta,9.2458458,5.1993709,18.45516,4,4,1
Argentina,ARG,2014,I2D2,arg_2014_i2d2_ephc_s2_v01_m_v01_a.dta,Latin America & Caribbean,High income,8590,29276,38369,71954,.23559161,.19681504,.28295836,.23559161,,.1771871,.14157358,.22535251,.1771871,,.31774303,Passed all,.20029972,.038768422,,,,,,,,,,.056379076,.34420672,.6831606,.63999999,.85095179,.86275768,6.7688117,4.7087379,,,,,,,,,.42224708,37.37455,36,.0029687933,.22373839,.47415122,.29914159,0,.5406428,41.938667,41,.00028947255,.087620303,.28265291,.62943733,0,.30668429,,,,,,,,,,,,,,,,,,,,,,,,,,,arg_2014_i2d2_ephc_s2_v01_m_v01_a.dta,9.8962011,11.79397,30.917959,15,15,1
Benin,BEN,2015,I2D2,ben_2015_i2d2_emicov.dta,Sub-Saharan Africa,Low income,854,3111,28938,45363,.28232196,,,,,.03284521,,,,,.46476001,"Age, gender, urban",,,,,,,,,,,,,,,,,,,,,,,,,,,,,,,,,,,,,,,,,,,,,,,,,,,,,,,,,,,,,,,,,,,,,,,ben_2015_i2d2_emicov.dta,7.6543703,7.1559792,30.01795,2,2,1
Burkina Faso,BFA,2014,I2D2,bfa_2014_i2d2_emc.dta,Sub-Saharan Africa,Low income,935,2709,28978,43860,.29552606,.27377862,.34505087,.3079927,.25329274,.035594203,.045334008,.025989475,.10488187,.0095963599,.55667764,Passed all,.17417243,-.0071924455,-.5287174,.14244175,.46641895,-.58469987,-.55424523,-1.1915482,.32421526,.3233203,.095986292,.061930086,.40166003,,,,,19.999998,34.333332,.6999746,.24311826,.10460643,.049062017,.67607301,.14643778,.25100639,.026092837,.29123455,31.899502,30,.36551687,.46424508,.097746953,.072491072,.24157234,.36476853,39.063778,37,.13036913,.29186839,.30781648,.26994601,.19533888,.4900386,.076886386,.25562802,.4321087,,.32740954,0,.20468776,.32906619,,.34791267,.36246702,.59519726,.23135291,.29333091,.25857472,.48947415,.32066485,.25523627,.19038315,.15169932,,,,,,,bfa_2014_i2d2_emc.dta,7.3940425,6.5007048,27.842661,3,3,1
Bangladesh,BGD,2015,I2D2,bgd_2015_i2d2_lfs.dta,South Asia,Low income,2423,18763,45681,84095,.11086621,.10365794,.13782765,.13123566,.097768478,.041993495,.043710075,.037815813,.070092797,.03119844,.25946447,Passed all,.11481188,.028937273,.023597047,-.012370906,.096598051,-.040263485,-.072364986,.062885441,-.030052545,-.061679389,-.02086948,,,,,,,2.5806451,3,.85000217,.2988269,.17550564,.022626802,.79408598,.067384474,,,.2045581,34.464809,32,.31694946,.26925552,.31421155,.099583507,.61760533,.26225686,38.643055,37,.083101153,.078480557,.43730813,.40111014,.53673488,.22476876,,,,,,,,,,,.23242617,.24324575,.35355043,.280274,.20406857,.17856504,.21834485,.22790171,.16479868,.20582239,1.5670398,1.2308621,1.189386,1.5955424,1.4291248,1.2208431,bgd_2015_i2d2_lfs.dta,8.1115694,1.791796,12.65125,4,4,1
Bulgaria,BGR,2007,I2D2,bgr_2007_i2d2_mths_v01_m_v01_a.dta,Europe & Central Asia,Upper middle income,1265,4470,6173,10763,.28299776,.22666124,.35151213,.26808509,.33862433,.22421128,.18104851,.27576819,.23589616,.19559902,.29924062,Passed all,-.1393732,-.14500113,-1.4923836,-.41806951,-.097862951,-.127671,-.19451784,-.048852257,-.19041389,-.080041803,-.22745347,-.14142521,-.13744833,.7503711,.78924435,.73543817,.80121338,3.2951057,2.9030421,.99604118,.92251039,,,.98735178,.88198566,,,.40811232,39.552887,40,.0028409092,.15814394,.6410985,.19791667,.1950078,.56047434,44.932014,47,.0007980846,.097366318,.46687949,.4349561,.25296444,.41507998,.18699187,.765625,.20833333,.90804595,.73515981,.47540984,.74264705,.31428573,.77215189,.73399013,.64489794,.73443985,.65163934,.5165289,.27572018,.59003216,.50839692,.41095892,.30000001,.21666667,1.9504242,1.4863466,2.1349039,1.7437561,1.6508605,2.0464361,bgr_2007_i2d2_mths_v01_m_v01_a.dta,,,,2,2,1
Bosnia and Herzegovina,BIH,2007,I2D2,bih_2007_i2d2_hbs_v01_m_v02_a.dta,Europe & Central Asia,Upper middle income,2027,5149,6786,20100,.39748526,,,,,.30308399,,,,,.43310171,Wage,,,,,,,,,,,,,,,,,,,,,,,,,,,,,,,,,,,,,,,,,,,,,,,,,,,,,,,,,,,,,,,,,,,,,,,bih_2007_i2d2_hbs_v01_m_v02_a.dta,,,,2,2,1
Bolivia,BOL,2014,I2D2,bol_2014_i2d2_eh_v01_m_v01_a.dta,Latin America & Caribbean,Lower middle income,1990,6989,16932,25061,.26420769,.21318778,.34617516,.26302969,.27198526,.096418731,.08555223,.11027711,.13129064,.035764702,.46009216,Passed all,.20072865,-.0046099201,,,,,,,,,,.091517419,.33143038,.66931093,.65434945,.8161695,.85714287,5.4286804,3.8358972,,,,,,,,,.34090656,33.052887,30,,,,,.13014652,.50266612,39.646317,38,,,,,.13540903,.29648653,,,,,,,,,,,,,,,,,,,,,,,,,,,bol_2014_i2d2_eh_v01_m_v01_a.dta,8.8029795,,,12,12,1
Brazil,BRA,2014,I2D2,bra_2014_i2d2_pnad_v01_m_v01_a.dta,Latin America & Caribbean,Upper middle income,22350,118828,175057,282539,.17863008,.13411412,.2315852,.18009925,.16407418,.1211652,.086973958,.16616653,.13117869,.066204756,.21055044,Passed all,.15956162,.091561921,.071971878,-.072127357,.062064499,.16321737,.13085483,-.080250032,.022026131,.070010036,.013493069,.1600613,.15916769,.74319696,.75,.72037578,.69999999,5,7.044199,,,,,.92125773,.74248803,.28701049,.15274872,.42726451,35.484383,34,.023306893,.37394565,.40157998,.20116746,.093304098,.59210145,40.499275,40,.0071941041,.11708827,.29084274,.58487487,.084208794,.30706269,,,,,,,,,,,.66282731,.66902721,.61995345,.54971826,.44624969,.56749588,.50755757,.42309394,.30646741,.2764118,2.8932362,2.5491819,1.5638906,2.4478679,1.7424613,1.2219241,bra_2014_i2d2_pnad_v01_m_v01_a.dta,9.6772909,9.2784204,23.065161,12,12,1
Bhutan,BTN,2007,I2D2,btn_2007_i2d2_blss_v01_m_v02_a.dta,South Asia,Lower middle income,2723,5205,21472,33051,.54451674,,,,,.12994942,,,,,,Wage,,,,,,,,,,,,,,,,,,,,,,,,,,,,,,,,,,,,,,,,,,,,,,,,,,,,,,,,,,,,,,,,,,,,,,,btn_2007_i2d2_blss_v01_m_v02_a.dta,,,,2,2,1
Botswana,BWA,2009,I2D2,bwa_2009_i2d2_bcwis.dta,Sub-Saharan Africa,Upper middle income,2424,6354,9233,17859,.37943462,.35575655,.40928373,.39832157,.33767322,.26372585,.25559467,.27325109,.31953812,.18118364,.4492836,Passed all,.55889988,.51381129,.64532536,.63202906,.45740119,.34090969,.32812682,.27907389,.19195721,.46311364,.59698981,.53686142,.5870024,.79374343,.92941183,1.0451725,.82045358,13.033334,15.716666,.8784008,.67331326,.51216906,.13704342,.81238633,.31434795,,,.42107868,34.403946,32,.13142473,.54831982,.19168021,.12857522,.33237472,.47715491,38.430519,37,.05688614,.37305206,.17006661,.39999521,.27714235,.57786274,.34210551,.58112574,.28424296,.77173758,.47247952,.34872302,.49153796,.15800188,.7277469,.37108114,.51288992,.54054642,.39044762,.46955758,.4247213,.38717109,.48215467,.48383018,.34231231,.31099087,3.6079409,2.7980433,2.83832,1.7707961,2.2111933,1.6474051,bwa_2009_i2d2_bcwis.dta,9.3871517,12.79394,24.886089,1,1,1
Central African Republic,CAF,2008,I2D2,caf_2008_i2d2_ecaseb.dta,Sub-Saharan Africa,Low income,447,1140,11102,17169,.37970841,.3524085,.519108,.3699429,.40386361,.037051633,.057492886,.016655101,.06943471,.017995866,,Passed all,.2985611,,,,,,,,,,,.30539182,.26559314,.73773795,1,.6758064,.9375,11.4,7.5,,,,,,,,,.12696351,34.487137,32,.13631365,.28451303,.45763114,.12154219,.27668142,.22389002,39.873074,39,.079332858,.10068361,.5333091,.28667444,.30620673,.36508402,,,,,,,,,,,.27931362,.12531678,.29811576,.27236083,.06838724,.11708175,.10646094,.10316029,.18974563,.087543167,,,,,,,caf_2008_i2d2_ecaseb.dta,,,,1,1,1
Canada,CAN,2010,LIS,LIS,North America,High income,,,,,.24107,.18629,.29817,.2422,.22979,.21026,.15845001,.26714,.21251,.1891,,,.2,,,,,,,,,,,,,,,,,,,,,,,,,,,.60566002,42.233978,43,,,,,.086159997,.45285001,38.483101,38,,,,,.091729999,,,,,,,,,,,,,,,,,,,,,,,,,,,,,10.59837,12.47134,28.82946,1,1,1
Chile,CHL,2013,I2D2,chl_2013_i2d2_casen_v02_m_v02_a.dta,Latin America & Caribbean,High income,8255,68309,88699,172330,.12694107,.099351056,.16155182,.13109975,.089511126,.093963236,.072143532,.12256024,.098301671,.059403315,.13427247,Passed all,.11220567,.085232221,.54778689,-.06105544,.11706587,.080139436,-.90530187,-.075841822,-.091859721,.094206661,-.017297251,.069709592,.1475447,.74497592,.76666665,.80760664,.83867985,5.333333,5.0761418,.9497999,.85657686,.93513983,.84640414,.91731387,.83395344,,,.42597976,39.940495,39,.0080463812,.18263927,.49388048,.31543386,.10428236,.56450266,41.757145,41,.0039312677,.064965688,.32117021,.60993284,.070510633,.17745157,,,,,,,,,,,.62635028,.59468591,.58354592,.59316063,.42769566,.59433079,.44367135,.39748305,.3228471,.3404583,4.2203674,2.9268701,1.6823436,2.0532033,2.2964747,1.3399101,chl_2013_i2d2_casen_v02_m_v02_a.dta,9.9731884,5.9244208,24.791479,6,6,1
China,CHN,2013,I2D2,chn_2013_i2d2_chip.dta,East Asia & Pacific,Upper middle income,3694,17197,32695,50680,.24734971,.24210952,.25472653,.30007982,.12617294,.14974511,.14975703,.14972915,.25177231,.046622321,.25163648,Passed all,-.036943913,-.042730555,.11346684,-.12372979,.017550491,-.025954295,-.0022949062,-.22147433,-.096102022,-.065293185,.093781501,-.027096804,-.050316922,.82055038,.78124988,.83028412,.84085709,4.6153846,4.6666665,.76621187,.33055389,.94270611,.93229109,.87283039,.7402997,,,.41125676,35.991451,36,.0081659202,.53168643,.18971953,.27042815,.35202554,.4277139,40.01289,40,.0034263881,.19333714,.15001978,.65321672,.15466668,.39922768,.3436856,.50873238,.31768823,.46411911,.18173566,.45651287,.63210857,.32335225,.62745041,.16050956,.56576282,.43589953,.42928967,.37590471,.32063696,.52498263,.50908047,.40385729,.32025483,.29080772,.92610872,1.3206404,1.1244591,1.0749754,1.0370896,1.1109288,chn_2013_i2d2_chip.dta,9.4107084,,,1,1,1
Cameroon,CMR,2014,I2D2,cmr_2014_i2d2_ecam.dta,Sub-Saharan Africa,Lower middle income,981,4016,17664,26472,.22249782,,,,,.045051057,,,,,.35862619,Wage,,,,,,,,,,,,,,,,,,,,,,,,,,,,,,,,,,,,,,,,,,,,,,,,,,,,,,,,,,,,,,,,,,,,,,,cmr_2014_i2d2_ecam.dta,8.0007124,5.4713669,23.27449,4,4,1
"Congo, Rep.",COG,2005,I2D2,cog_2005_i2d2_quibb.dta,Sub-Saharan Africa,Lower middle income,875,1994,8752,16130,.42090821,,,,,.091549799,,,,,,Wage,,,,,,,,,,,,,,,,,,,,,,,,,,,,,,,,,,,,,,,,,,,,,,,,,,,,,,,,,,,,,,,,,,,,,,,cog_2005_i2d2_quibb.dta,,,,1,1,1
Colombia,COL,2014,I2D2,col_2014_i2d2_geih_v01_m_v01_a.dta,Latin America & Caribbean,Upper middle income,4742,41399,89266,147143,.083123967,.071198128,.099011958,.091657609,.037526499,.040675726,.034381133,.049327325,.047748227,.013867872,.12314443,Passed all,.48478258,.3514137,-.14822388,.44574708,.28401718,.36776951,,,,,,.37507254,.5942356,.88461417,.91720665,1.008248,1.0646869,5.5234079,4.2403669,,,,,,,,,.42134356,35.410938,33,.024053106,.20222685,.42628223,.34743783,.16548777,.51072764,42.982086,43,.00044672206,.021294136,.18188496,.7963742,.071170427,.1129209,,,,,,,,,,,.5183776,.44967645,.51659906,.5531953,.51932114,.5375694,.41814947,.42149955,.35169882,.37835541,,,,,,,col_2014_i2d2_geih_v01_m_v01_a.dta,9.5012646,5.2645192,17.873699,13,13,1
Comoros,COM,2013,I2D2,com_2013_i2d2_eim.dta,Sub-Saharan Africa,Low income,1359,2555,5793,14378,.47122031,,,,,.17486946,,,,,.70824331,Wage,,,,,,,,,,,,,,,,,,,,,,,,,,,,,,,,,,,,,,,,,,,,,,,,,,,,,,,,,,,,,,,,,,,,,,,com_2013_i2d2_eim.dta,7.2559175,7.63732,30.34897,2,2,1
Cabo Verde,CPV,2007,I2D2,cpv_2007_i2d2_quibb.dta,Sub-Saharan Africa,Lower middle income,1965,5037,9563,21507,.31260854,,,,,.17628422,,,,,,Wage,,,,,,,,,,,,,,,,,,,,,,,,,,,,,,,,,,,,,,,,,,,,,,,,,,,,,,,,,,,,,,,,,,,,,,,cpv_2007_i2d2_quibb.dta,,,,2,2,1
Costa Rica,CRI,2012,I2D2,cri_2012_i2d2_enaho_v01_m_v01_a.dta,Latin America & Caribbean,Upper middle income,1975,11861,16105,30028,.16207491,.12286178,.22158335,.17988032,.12546867,.12307882,.090498596,.17656532,.14033692,.090335034,.22382705,Passed all,.46076131,.26857689,.28398487,.2746172,.23691855,.28398487,.2626237,.10297531,.11824061,.22593443,.27684575,.3441487,.58167195,.80454588,.84319967,.96894521,1.0419431,7.3905015,4.4250345,,,.99432349,.66652572,.99432349,.66652572,.27980268,.014103664,.36900005,35.670586,33,.024248427,.37735602,.3965804,.20181517,.34153107,.54305124,41.037273,41,.00080074463,.095589399,.23621561,.66739422,.25332585,.3214466,,,,,,,,,,,.51436156,.49865881,.53935069,.55062085,.48773938,.54839659,.36816573,.30618256,.27495685,.31464359,3.1501553,2.1566141,1.3489119,3.0087509,1.8202817,1.1907024,cri_2012_i2d2_enaho_v01_m_v01_a.dta,9.5352802,7.2296681,39.424519,12,12,1
Germany,DEU,2013,LIS,LIS,Europe & Central Asia,High income,,,,,.26767001,.21743999,.31468001,.27245,.25769001,.22424001,.18336999,.26201999,.22788,.21661,,,.22,,,,,,,,,,,,,,,,,,,,,,,,,,,.60727,45.289509,47,,,,,.31169,.48339999,43.291771,45,,,,,.32817999,,,,,,,,,,,,,,,,,,,,,,,,,,,,,10.696136,7.7446718,17.56839,1,1,1
Djibouti,DJI,2015,I2D2,dji_2015_i2d2_edesic.dta,Middle East & North Africa,Lower middle income,1404,2290,2977,12649,.58254999,,,,,.45956093,,,,,.70337522,Wage,,,,,,,,,,,,,,,,,,,,,,,,,,,,,,,,,,,,,,,,,,,,,,,,,,,,,,,,,,,,,,,,,,,,,,,dji_2015_i2d2_edesic.dta,,8.9644346,18.46776,2,2,1
Dominican Republic,DOM,2013,I2D2,dom_2013_i2d2_enft_v01_m_v01_a.dta,Latin America & Caribbean,Upper middle income,1302,5308,11062,20686,.20558637,.19124065,.22259505,.20421958,.20973475,.11095951,.087749869,.15187933,.12102119,.089073732,.28175265,Passed all,-.012453164,-.13153563,-.35548571,-.3767868,-.23099743,.072492413,-.1430621,.027986128,-.050457299,.094155103,-.30376747,-.20596831,.19499674,,,,,5.9999995,6.5999994,,,,,,,,,.44773856,35.255997,33,.033452556,.31066746,.37788364,.27799636,.24652967,.49538755,42.430943,42,.038894173,.26363423,.23417315,.46329844,.25282446,.22969638,,,,,,,,,,,,,,,,,,,,,3.5618889,2.9178591,1.6610786,2.2586312,1.9668566,1.3286891,dom_2013_i2d2_enft_v01_m_v01_a.dta,9.4212351,4.1150289,22.7174,14,14,1
Ecuador,ECU,2014,I2D2,ecu_2014_i2d2_enemdu_v01_m_v01_a.dta,Latin America & Caribbean,Upper middle income,5679,25996,51256,80852,.16610952,.14096588,.21504109,.1901661,.10440189,.094684973,.088146441,.10458153,.11614227,.050818328,.21034318,Passed all,.3917312,.332724,,,,,,,,,,.39497957,.38693085,.88824409,.89763105,.89519453,1,3.9333334,3.6318517,,,,,,,,,.31951639,35.61705,34,.024574336,.34946716,.43923903,.18671945,.30125347,.43942237,40.133339,39,.0030521557,.057908386,.2689414,.67009807,.17629573,.30810788,,,,,,,,,,,.47832695,.4282155,.50448561,.45075509,.32804841,.38185284,.35719553,.35121772,.27401894,.22816199,1.2056608,2.0538409,1.4114846,1.8657017,1.5304445,1.1068177,ecu_2014_i2d2_enemdu_v01_m_v01_a.dta,9.3425274,9.3506327,21.16917,12,12,1
Egypt,EGY,2012,LIS,LIS,Middle East & North Africa,Lower middle income,,,,,.40875,.33399001,.74734002,.44944999,.37125,.25426999,.23932999,.29107001,.33489999,.20044,,,-.15000001,,,,,,,,,,,,,,,,,,,,,,,,,,,.33068001,41.184219,41,,,,,.47268999,.077289999,32.565762,30,,,,,.55344999,,,,,,,,,,,,,,,,,,,,,,,,,,,,,9.2352791,7.8995042,24.18709,3,3,1
Estonia,EST,2013,LIS,LIS,Europe & Central Asia,High income,,,,,.28791001,.18486001,.38159999,.29359999,.27379999,.25617,.15968999,.34904999,.26334,.23886,,,-.0099999998,,,,,,,,,,,,,,,,,,,,,,,,,,,.69422001,44.792881,45,,,,,.27241001,.45486,41.360691,41,,,,,.29214999,,,,,,,,,,,,,,,,,,,,,,,,,,,,,10.209843,10.71093,27.947639,1,1,1
Ethiopia,ETH,2013,I2D2,eth_2013_i2d2_lfs.dta,Sub-Saharan Africa,Low income,10148,28122,101035,146198,.37294981,.37276241,.37328735,.36909917,.3816734,.043706186,.052110281,.033877961,.17562567,.016520051,,Passed all,.09232866,,,,,,,,,,,.02219798,.2183447,.66632539,.625,.68508542,.82199997,12.849999,5.9959998,,,,,,,,,.35677668,30.085691,27,.2247224,.37661707,.27028468,.12837581,.30197152,.35729197,33.318542,30,.047761682,.083101556,.35366815,.5154686,.31339487,.59256905,.1695507,.31476218,.35389283,.69320667,.55664939,.24903736,.36791989,.32785898,.63815492,.36668861,.46036038,.41753393,.3749567,.31410712,.21097985,.4771598,.44845954,.35958678,.27044213,.21550718,1.5291811,1.5614609,1.2791075,1.8077027,1.4470487,1.3033081,eth_2013_i2d2_lfs.dta,7.2276368,6,33.704079,4,4,1
Finland,FIN,2013,LIS,LIS,Europe & Central Asia,High income,,,,,.37698999,.21263,.53197002,.37077001,.39454001,.30559,.16656999,.44582999,.30833,.29855999,,,-.07,,,,,,,,,,,,,,,,,,,,,,,,,,,.72627997,44.749531,46,,,,,.27390999,.38666001,40.765961,41,,,,,.25435999,,,,,,,,,,,,,,,,,,,,,,,,,,,,,10.620144,14.36696,24.955629,1,1,1
France,FRA,2010,LIS,LIS,Europe & Central Asia,High income,,,,,.26282001,.2101,.31564,.26692,.24941,.23194,.17757,.29148,.23974,.20825,,,,,,,,,,,,,,,,,,,,,,,,,,,,,,.59985,42.626831,44,,,,,.22216,.46366999,39.825439,40,,,,,.23837,,,,,,,,,,,,,,,,,,,,,,,,,,,,,10.48825,13.00208,23.035351,1,1,1
Gabon,GAB,2005,I2D2,gab_2005_i2d2_egep.dta,Sub-Saharan Africa,Upper middle income,1697,5676,11879,22906,.29221997,.27612108,.32423586,.29137853,.29901215,.15934928,.17488991,.13869514,.18766737,.072792843,,Passed all,.22271685,,,,,,,,,,,.13358025,.37926972,.69492948,.60000002,.77091688,.69999999,10.666666,5.333333,,,,,,,,,.31945845,35.075375,34,.085212007,.19828388,.60100824,.11549587,.10917272,.37125188,39.436321,39,.011400187,.081471637,.586573,.32055515,.11279268,.47291222,,,,,,,,,,,.43380803,.47663921,.33598551,.31784832,.1981031,.43870392,,.22057198,.19540043,.24041034,,,,,,,gab_2005_i2d2_egep.dta,,,,1,1,1
United Kingdom,GBR,2013,LIS,LIS,Europe & Central Asia,High income,,,,,.28828001,.18569,.39399999,,,.24514,.15046,.35302001,,,,,.0099999998,,,,,,,,,,,,,,,,,,,,,,,,,,,.67309999,43.103142,44,,,,,,.41935,39.283081,39,,,,,,,,,,,,,,,,,,,,,,,,,,,,,,,,,,10.574165,9.6345196,22.674259,1,1,1
Georgia,GEO,2013,I2D2,geo_2013_i2d2_his_v01_m_v02_a.dta,Europe & Central Asia,Upper middle income,2511,6183,19209,32742,.37719437,.31656432,.44440776,.31599969,.49949139,.1425391,.1192181,.16858023,.21169877,.10087387,.3896071,Passed all,.064189166,.061148804,-.008306453,1.259818,.15382841,-.008306453,-.46800116,-.15329085,-.081857063,-.026195377,.057543501,.13096109,-.0046413378,1.0823139,1.0965477,.88198709,.77020204,10.133734,8.0667801,,,.94515306,.89718807,,,,,.42307082,41.193951,41,.00070761918,.0022177531,.51056355,.48651108,.2680133,.5587607,44.397499,45,0,.0046335901,.3360678,.6592986,.44163159,.31497273,.43514961,.67397112,.65565985,.6810081,.58905959,.33708569,.59986323,.47382098,.6433627,.28186551,.65237212,.64086163,.51878732,.42268634,.55977201,.43041793,.37847406,.40601227,.45919555,.44169861,2.2326875,1.5856441,1.1250495,1.5471737,1.3994657,.9967503,geo_2013_i2d2_his_v01_m_v02_a.dta,9.0528765,5.1962228,18.106569,5,5,1
Ghana,GHA,2012,I2D2,gha_2012_i2d2_lss.dta,Sub-Saharan Africa,Lower middle income,1723,5719,32746,42703,.26019394,.23440149,.31991166,.26329702,.25009432,.057330988,.075083047,.040918682,.091150612,.025241124,.45360753,Passed all,.32483062,.22992143,-.097775631,-.37117928,.26124617,.27241296,-.026163369,.33627465,.13357285,.15211938,-.10959029,.15957937,.65625691,.51290286,.46029916,.94652724,.93749994,11.25,9.333334,.85407901,.27438536,.41953894,.153843,.73812562,.19188188,.72166264,.17462018,.27728224,34.638569,32,.089775458,.17170162,.58056158,.15796135,.23824406,.37085792,39.325565,37,.025371179,.040762126,.36317101,.5706957,.22591239,.40272179,.29935372,.42286876,.28207389,.46881658,.43252474,.19101284,.27726093,.1463957,.48633638,.280689,.42048761,.30950016,.41398567,.4074631,.31072599,.54064882,.30952024,.25986141,.1369113,.1022642,1.7865864,1.0260171,.99008048,1.6415408,1.4341553,.95459312,gha_2012_i2d2_lss.dta,8.2232637,11.13627,36.29224,2,2,1
Guinea,GIN,2012,I2D2,gin_2012_i2d2_elep.dta,Sub-Saharan Africa,Low income,767,1867,15462,28359,.39798483,,,,,.037724469,,,,,,Education,,,,,,,,,,,,,,,,,,,,,,,,,,,,,,,,,,,,,,,,,,,,,,,,,,,,,,,,,,,,,,,,,,,,,,,gin_2012_i2d2_elep.dta,7.106235,4.4376292,16.98744,3,3,1
"Gambia, The",GMB,2015,I2D2,gmb_2015_i2d2_ihs.dta,Sub-Saharan Africa,Low income,309,3598,43942,55786,.073979452,.071661405,.079913825,.069833778,.094681486,.026497997,.031062119,.021168862,.037190143,.016702281,.039757796,Passed all,.085021771,.10324378,.54961294,.46471626,-.209583,.25337732,.60653502,.020631978,-.19917983,.60653502,.60653502,.1463733,-.072001375,.75559914,.66666669,.56592852,.66666669,4.666667,5.833334,,,.19881958,.28763911,.19454895,.45910135,,,.27909234,35.913174,34,.27907082,.072293103,.37127331,.27736276,.16311331,.30342466,32.594936,31,.38199615,.11066525,.33770257,.16963601,.21353182,.04013025,,.37952557,.94802248,,.76061445,.1785506,.3390404,.19812986,.50443208,.8236233,.38538671,.61591458,.17202286,.19736449,.0048721959,.43061188,.33947313,.24870382,.20624597,.1531933,1.9156219,1.0549334,1.0818706,,,,gmb_2015_i2d2_ihs.dta,,5.6191759,18.747459,2,2,1
Guinea-Bissau,GNB,2010,I2D2,gnb_2010_i2d2_ilap.dta,Sub-Saharan Africa,Low income,489,1029,9700,15120,.47419924,,,,,.04692217,,,,,,Wage,,,,,,,,,,,,,,,,,,,,,,,,,,,,,,,,,,,,,,,,,,,,,,,,,,,,,,,,,,,,,,,,,,,,,,,gnb_2010_i2d2_ilap.dta,7.169909,4.9287782,26.30084,1,1,1
Greece,GRC,2013,LIS,LIS,Europe & Central Asia,High income,,,,,.33192,.33535999,.32741001,.32850999,.34085,.206,.19938999,.2156,.2342,.15793,,,.2,,,,,,,,,,,,,,,,,,,,,,,,,,,.42697999,44.374088,44,,,,,.28343999,.43577999,39.463249,39,,,,,.27230999,,,,,,,,,,,,,,,,,,,,,,,,,,,,,10.194407,11.9328,24.529881,1,1,1
Guatemala,GTM,2011,I2D2,gtm_2011_i2d2_encovi_v01_m_v03_a.dta,Latin America & Caribbean,Lower middle income,1311,13541,24059,40509,.095182881,.073206387,.14278606,.11646937,.060638357,.055060171,.045506921,.071799375,.076877296,.029216088,.22367281,Passed all,.3407729,.060252916,,,,,,,,,,.26643851,.42965829,.89967865,.83744448,.85523063,.92318159,6.3604894,3.2125916,,,,,,,,,.29922962,32.521004,30,.15790337,.44582206,.30494002,.091334544,.39582255,.47380874,35.848194,34,.017255466,.12450176,.48666063,.37158212,.24289416,.25163189,,,,,,,,,,,,,,,,,,,,,,,,,,,gtm_2011_i2d2_encovi_v01_m_v03_a.dta,8.8245077,3.815448,26.453911,6,6,1
Honduras,HND,2016,I2D2,hnd_2016_i2d2_ephpm.dta,Latin America & Caribbean,Lower middle income,717,5615,10978,18566,.13103054,.094222367,.20036159,.15584847,.085477255,.067352876,.051857624,.091595776,.093352117,.0348607,.22480528,Passed all,.26230952,.038412385,,,,,,,,,,.32546759,.20002912,1.1128173,1.1399999,.94488019,1,9.166667,4.8888888,.96713161,.49585107,.092233829,.072700933,.24143115,.014725944,,,.31912261,32.346012,30,.058339074,.45355117,.35868278,.12942697,.3711594,.53028625,39.929932,40,.010092737,.1494261,.33790058,.50258058,.23006389,.28798109,,,,,,,,,,,.6082176,.46421641,.4491924,.60425621,.50551522,.23509857,.31119162,.36151603,.33999568,.35213643,1.4505498,1.4188797,1.1285878,1.5298839,1.5603368,1.0706247,hnd_2016_i2d2_ephpm.dta,,,,16,16,1
Haiti,HTI,2001,I2D2,hti_2001_i2d2_ecvh.dta,Latin America & Caribbean,Low income,230,1245,9034,20074,.17191647,.19606441,.12313485,.17694771,.15840474,.028756272,.038987603,.015593576,.055844489,.011712562,.46685591,Passed all,.39754188,.61646658,-1.4040281,.14166749,.68267834,.86791009,,,,,,.48704401,.15051986,.85045129,.74074072,.80819154,.83333331,29.090912,22.288523,,,.15804902,.037528351,,,,,.35061893,34.823025,33,.16082273,.39431712,.28387624,.16098391,.27575621,.23715933,37.077526,36,.076489925,.20279862,.41456631,.30614516,.25000396,.19743408,,,,,,,,,,,.33687311,.19026141,.37382147,.2269242,.12633891,.36461467,.44260737,.39694819,.22328055,.35994247,,,,,,,hti_2001_i2d2_ecvh.dta,,,,1,1,1
Hungary,HUN,2007,I2D2,hun_2007_i2d2_hbs_v01_m_v01_a.dta,Europe & Central Asia,High income,3386,8208,9107,18447,.39144799,,,,,.34494597,,,,,,Wage,,,,,,,,,,,,,,,,,,,,,,,,,,,,,,,,,,,,,,,,,,,,,,,,,,,,,,,,,,,,,,,,,,,,,,,hun_2007_i2d2_hbs_v01_m_v01_a.dta,,,,4,4,1
Ireland,IRL,2010,LIS,LIS,Europe & Central Asia,High income,,,,,.31656,.26539001,.36328,.30792001,.33381999,.25483999,.19267,.3247,.26275,.24145,,,.13,,,,,,,,,,,,,,,,,,,,,,,,,,,.59992999,44.550831,46,,,,,.35203001,.48705,38.00214,37,,,,,.32539999,,,,,,,,,,,,,,,,,,,,,,,,,,,,,10.674743,11.6975,17.83917,1,1,1
Italy,ITA,2014,LIS,LIS,Europe & Central Asia,High income,,,,,.18392999,.15504999,.22078,,,.14912,.12107,.18819,,,,,.1,,,,,,,,,,,,,,,,,,,,,,,,,,,.52740002,48.951408,50,,,,,,.41953,42.4599,43,,,,,,,,,,,,,,,,,,,,,,,,,,,,,,,,,,10.475015,10.08951,19.736139,1,1,1
Jamaica,JAM,2002,I2D2,jam_2002_i2d2_jslc.dta,Latin America & Caribbean,Upper middle income,748,3722,6692,12460,.20971394,,,,,.12126622,,,,,,Wage,,,,,,,,,,,,,,,,,,,,,,,,,,,,,,,,,,,,,,,,,,,,,,,,,,,,,,,,,,,,,,,,,,,,,,,jam_2002_i2d2_jslc.dta,,,,2,2,1
Jordan,JOR,2016,I2D2,jor_2016_i2d2_lfs.dta,Middle East & North Africa,Upper middle income,18993,40108,45448,143366,.25820526,.25348634,.27951327,.20680651,.5858255,.23185864,.22373511,.2723529,.18521819,.53500301,,Passed all,.27259442,,,,,,,,,,,.28474957,.21351305,.90382046,1,1.0141426,1,2.6666667,3,,,,,,,,,.17610158,34.73222,34,.045459032,.17617461,.57003474,.20833161,.075716622,.196272,34.652199,34,.007158251,.040130395,.53037757,.42233378,.30767685,.38145617,,,,,,,,,,,.19392093,,,,.21628164,.19935881,,,.12586078,.18543765,1.334929,1.1780294,1.0216936,1.4703354,1.2167914,1.0468707,jor_2016_i2d2_lfs.dta,,,,10,10,1
Kazakhstan,KAZ,2010,I2D2,kaz_2010_i2d2_hbs_v01_m_v03_a.dta,Europe & Central Asia,Upper middle income,7402,15431,20260,32905,.4879877,.61693329,.36861241,.32274628,.59546018,.37168753,.45692754,.2883423,.23089831,.47345662,,Passed all,.051645529,,,,,,,,,,,.11808573,-.0096871629,.88401347,.90986347,.77988124,.76206857,3.4349909,4.0114226,,,,,,,,,.64033735,41.685257,43,.000078970595,.23207891,.37183663,.39600548,.47873202,.39224213,40.011841,41,.00010092098,.2730647,.45680082,.27003357,,.34349859,,,,,,,,,,,.55260336,.44786012,.39322421,.31483522,.24313292,.68295699,.67221922,.64908552,.64520043,.54002863,,,,,,,kaz_2010_i2d2_hbs_v01_m_v03_a.dta,9.9292088,3.1226671,13.8952,2,2,1
Kenya,KEN,2005,I2D2,ken_2005_i2d2_ihbs.dta,Sub-Saharan Africa,Lower middle income,841,6073,22789,38327,.12622184,.12201945,.1357141,.1576595,.10339632,.030454161,.039968625,.020529404,.082512774,.017903954,.44345975,Passed all,.48874891,.27975166,.70042807,.40169042,.2519744,.015038036,.12833653,-.14711609,-.10847467,.087013349,.34871447,.42947975,.61181772,.82440197,.53846151,.99572027,.94499987,10.000001,7.8403845,,,,,,,.4562588,.082541816,.30352956,32.271767,30,.087885275,.59607691,.29060772,.025430076,.59342891,.3299402,39.502239,40,.041896537,.23463951,.60414988,.11931409,.47349006,.14731261,.1713931,.5106138,.34614542,.54125464,.25847331,.20141913,.40904725,.41528857,.48995656,.3056328,.3683885,.32237107,.40874603,.19568884,.3905206,.42290917,.41570944,.31058964,.15927565,.20485711,3.1839488,2.6943548,1.2098489,1.5841019,1.9095495,1.2870115,ken_2005_i2d2_ihbs.dta,,,,1,1,1
Cambodia,KHM,2012,I2D2,khm_2012_i2d2_clfcls.dta,East Asia & Pacific,Low income,1333,10464,22879,34438,.16598213,.20853642,.10440274,.35474068,.10306107,.076457538,.10745157,.041694999,.16604304,.047223821,.41648957,Passed all,,,,,,,,,,,,,,,,,,,,.70386541,.2046437,,,.65935624,.018469468,.081054479,.099122509,.43882307,28.510654,26,.12471565,.46167892,.37946939,.034136008,.8065775,.25704113,40.709713,41,.018364443,.17404395,.51855671,.28903487,.46568462,.51873755,,,,,,,,,,,.23619837,.36097226,.27038491,.23987426,.17652054,.35390607,.3603963,.56418246,.60679209,.31208488,,,,,,,khm_2012_i2d2_clfcls.dta,7.9539008,4.692029,22.653681,5,5,1
Kosovo,KSV,2014,I2D2,ksv_2014_i2d2_lfs.dta,Europe & Central Asia,Lower middle income,1171,2535,3930,16320,.45982578,.42124841,.56183678,.45186853,.4671483,.30743292,.26744354,.43697521,.31745344,.29903096,.53616458,Passed all,.065734752,.004444431,-.021699172,-.21639079,.061222818,-.021699172,-.10452633,-.052284207,-.037275616,.0010368702,-.021937015,.062825225,.073289931,.9390353,1,.916731,1,2.5714285,2,.9923203,.73004752,,,.1325614,.053541567,,,.2225797,35.90432,35,.0016352538,.19153231,.56756508,.23926732,.51371109,.33527431,45.788425,46,.00090272556,.050333112,.38127592,.56748825,.52906364,.57124889,.30786887,.47533828,.3765288,.36613861,.13437277,.11568379,.39838663,.41415578,.41848698,.17565838,.37095049,.38399839,,.25783479,.1491823,.29317603,.17375036,.18823434,,.18537666,1.3872533,1.2018237,1.2026633,1.2044388,1.0235425,1.045638,ksv_2014_i2d2_lfs.dta,9.1268854,8.8136034,32.873089,4,4,1
Lebanon,LBN,2011,I2D2,lbn_2011_i2d2_lfs.dta,Middle East & North Africa,Upper middle income,382,1945,3393,7644,.182648,,,,,.096389689,,,,,0,Wage,,,,,,,,,,,,,,,,,,,,,,,,,,,,,,,,,,,,,,,,,,,,,,,,,,,,,,,,,,,,,,,,,,,,,,,lbn_2011_i2d2_lfs.dta,9.6603699,9.158473,31.8955,1,1,1
Liberia,LBR,2014,I2D2,lbr_2014_i2d2_hies.dta,Sub-Saharan Africa,Low income,450,1095,7543,9721,.3841368,.3861357,.37580422,.36702698,.43405271,.074000672,.11922035,.028195156,.098678827,.045766052,.44077331,Passed all,.41486406,.33641019,.69760078,.39994141,.14274333,.31694019,1.0370136,.05827494,.93857199,1.1557317,1.0370136,.35399145,.64972758,.70241034,.79999995,.93825907,.88888884,7.4000001,2.8,.48848397,.41715109,.32070291,.1948638,,,,,.19609454,37.855114,37,.28146216,.11497285,.49499661,.10856838,.23458219,.18927997,43.129822,42,.20619912,.055895377,.49033582,.24756968,.28844291,.41265702,0,.20994464,.23725218,.16921459,.42808074,.071618676,.35707799,.039739762,.40443712,.27675265,.35528597,.11261357,.034766398,.030339634,.36480418,.24904934,.27261779,.16911778,.13623628,.11311166,1.5057778,4.3891082,5.7056494,1.315028,1.4502723,1.1360654,lbr_2014_i2d2_hies.dta,6.7398858,9.5253363,29.524019,1,1,1
Sri Lanka,LKA,2013,I2D2,lka_2013_i2d2_lfs.dta,South Asia,Lower middle income,4482,16702,29821,60803,.32269299,.28264937,.39160475,.29877207,.3284089,.16568395,.14425425,.20311372,.1851736,.16197789,.52381021,Passed all,,,,,,,,,,,,,,.67833745,.625,.90514994,1,4.2253523,3.5999999,,,,,.91543442,.40774366,,,.33065233,,,.026833475,.13559851,.80869573,.028872261,.80032355,.44659194,,,.010202421,.062195633,.72754544,.20005651,.82143199,.66765779,.42070746,.68700057,.46798891,.54597414,.36491582,.19593847,.53774655,.30692762,.46491435,.39503214,.54792583,.35926336,.45273304,.49453697,.38514671,.6256277,.43864143,.23447366,.14623807,.15826187,2.0089846,1.5131074,1.3163695,1.6488415,1.2671459,1.083145,lka_2013_i2d2_lfs.dta,9.2686443,,,6,6,1
Lesotho,LSO,2010,I2D2,lso_2010_i2d2_hbs_v01_m_v01_a.dta,Sub-Saharan Africa,Lower middle income,809,3923,6710,14386,.22989835,,,,,.10641707,,,,,,Wage,,,,,,,,,,,,,,,,,,,,,,,,,,,,,,,,,,,,,,,,,,,,,,,,,,,,,,,,,,,,,,,,,,,,,,,lso_2010_i2d2_hbs_v01_m_v01_a.dta,7.6904669,20.12764,35.822601,2,2,1
Luxembourg,LUX,2013,LIS,LIS,Europe & Central Asia,High income,,,,,.14997,.15115,.14851999,.11605,.18556,.13817,.13979,.1362,.10791,.16933,,,.38,,,,,,,,,,,,,,,,,,,,,,,,,,,.44486001,40.826191,40,,,,,.60377002,.44999,39.968811,40,,,,,.46754,,,,,,,,,,,,,,,,,,,,,,,,,,,,,11.471359,8.3687916,19.648741,1,1,1
Morocco,MAR,2009,I2D2,mar_2009_i2d2_ensle.dta,Middle East & North Africa,Lower middle income,6844,35662,82505,187422,.19931345,,,,,.085846163,,,,,.44031057,Wage,,,,,,,,,,,,,,,,,,,,,,,,,,,,,,,,,,,,,,,,,,,,,,,,,,,,,,,,,,,,,,,,,,,,,,,mar_2009_i2d2_ensle.dta,8.7215643,12.65004,41.58873,5,5,1
Moldova,MDA,2015,I2D2,mda_2015_i2d2_lfs.dta,Europe & Central Asia,Lower middle income,1758,3892,6141,16850,.47070703,,,,,.30289462,,,,,.50839382,Wage,,,,,,,,,,,,,,,,,,,,,,,,,,,,,,,,,,,,,,,,,,,,,,,,,,,,,,,,,,,,,,,,,,,,,,,mda_2015_i2d2_lfs.dta,8.5248642,9.0814362,22.75251,9,9,1
Madagascar,MDG,2012,I2D2,mdg_2012_i2d2_ensomd.dta,Sub-Saharan Africa,Low income,817,4397,34036,40999,.19326326,.17503026,.22342698,.16556787,.21252915,.025494216,.029022286,.021987986,.056291129,.01958243,.33063379,Passed all,.20410064,.18710893,.39296556,-.0075140293,.25387368,.023472868,-.35767734,.06874451,-.10362881,.22444978,.24499907,.14772314,.27971432,.71391487,.71428573,.8809126,.67796606,10,14.399999,,,.56314671,.29420352,.59327298,.24702549,.38568169,.087342523,.362654,35.181122,33,.10346054,.27806658,.49937424,.11909863,.57566535,.43554029,41.826561,42,.053540699,.047119047,.64381629,.25552398,.64853984,.23227715,.18418823,.511024,.47956461,.6470421,.27303672,.27764869,.4833031,.33555356,.50194895,.49655366,.52454913,.48236704,.38495743,.43946025,.32776704,.50264448,.42660123,.36823726,.2486611,.24347435,1.9914044,1.2547531,1.6893994,1.165069,.83435351,1.1356529,mdg_2012_i2d2_ensomd.dta,7.2438807,5.360908,39.881771,2,2,1
Maldives,MDV,2009,I2D2,mdv_2009_i2d2_hies.dta,South Asia,Upper middle income,1238,2477,3657,8068,.5156669,.43573716,.62897462,.49123597,.57848269,.34104708,.27984977,.43432102,.38949797,.26820377,,Passed all,.21976872,,,,,,,,,,,.10018853,.40310326,.63791174,.66666669,.76843762,.80000001,5.5,3.2352941,,,,,,,,,.31686684,31.781511,29,.17619474,.027841598,.47156385,.3243998,.24370395,.50452316,34.080544,32,.16897129,.028744729,.37658778,.42569619,,.49325702,.1461696,.72207564,.57324499,.65662646,.59934539,.15763207,.41757706,.21002761,.53988951,.33498248,.61644542,.57016718,.53930175,.56248546,.23348208,.578991,.33153847,.23151523,.23822454,.14838059,2.1856339,1.3504755,1.6513933,1.7821746,1.1738706,1.024249,mdv_2009_i2d2_hies.dta,9.1892662,17.103991,42.764259,3,3,1
Mexico,MEX,2012,I2D2,mex_2012_i2d2_enigh_v02_m_v03_a.dta,Latin America & Caribbean,Upper middle income,1454,9715,14974,23920,.14607804,.12502652,.18120372,.15302721,.10835996,.09924785,.089031085,.11435585,.11294652,.051432945,.26666644,Passed all,.29406625,.067903996,,,,,,,,,,.22767712,.37725195,.75234467,.72727281,.86025202,.89448404,7.044354,5.8875051,.87076586,.36017135,.81421143,.37853,.59515119,.30518374,,,.35931957,35.103329,33,.032595806,.24617568,.5513671,.16986142,.1624483,.46484202,40.791901,40,.0088989129,.065231308,.40886196,.51700783,.11540581,.27516156,,,,,,,,,,,.53668123,.44355422,.50243402,.3974244,.43652996,.52083284,.45519057,.3012315,.26332822,.25464246,,,,,,,mex_2012_i2d2_enigh_v02_m_v03_a.dta,9.6982803,6,21.68257,5,5,1
Mali,MLI,2003,I2D2,mli_2003_i2d2_elim.dta,Sub-Saharan Africa,Low income,412,1663,11682,22829,.25101551,,,,,.031801935,,,,,,Wage,,,,,,,,,,,,,,,,,,,,,,,,,,,,,,,,,,,,,,,,,,,,,,,,,,,,,,,,,,,,,,,,,,,,,,,mli_2003_i2d2_elim.dta,,,,1,1,1
Montenegro,MNE,2011,I2D2,mne_2011_i2d2_lfs.dta,Europe & Central Asia,Upper middle income,851,6064,7250,22766,.14059144,,,,,.11755767,,,,,.14232965,"Age, gender, urban",,,,,,,,,,,,,,,,,,,,,,,,,,,,,,,,,,,,,,,,,,,,,,,,,,,,,,,,,,,,,,,,,,,,,,,mne_2011_i2d2_lfs.dta,9.5620928,,,4,4,1
Mongolia,MNG,2011,I2D2,mng_2011_i2d2_hses_v01_m_v00_a.dta,East Asia & Pacific,Upper middle income,3270,8389,16169,30934,.40420124,.32363474,.48755687,.35605565,.6705609,.22271891,.17329538,.27731791,.28197312,.13838364,,Passed all,-.14795291,,,,,,,,,,,-.2114668,-.090596184,.81853908,.89552242,.90417051,.93333328,4.1333332,2.9411767,,,,,,,,,.42272985,35.964249,35,.0056395088,.013058177,.60714966,.37415266,.084645562,.59284955,39.283367,39,.0020177017,.011666273,.42701724,.55929881,.25396225,.43563014,.37933442,.74547869,.6489448,.7356807,.66222972,.37522861,.53469902,.51261461,.74500769,.53122747,.57799661,.67229217,.64291966,.59763998,.45882821,.54327005,.45956901,.40416458,.38232732,.28757671,1.8234951,1.5059663,1.2468065,1.6755736,1.3130333,1.1342872,mng_2011_i2d2_hses_v01_m_v00_a.dta,9.0926085,6.66782,17.57835,4,4,1
Mozambique,MOZ,2012,I2D2,moz_2012_i2d2_incaf.dta,Sub-Saharan Africa,Low income,974,3561,14332,22105,.25484207,.23797874,.30556461,.26237693,.23739055,.035371117,.055609342,.019093255,.097973153,.013420056,.41235536,Passed all,.30508101,.10355667,-.026897483,.11234514,.19064882,-.1414222,-.1888999,-.11974674,-.064646125,-.37325382,.17462334,,,.77691311,.71428567,1.0681143,.97999996,13,5.7307692,,,,,.67861551,.33074227,,,.23252572,32.567974,30,.10212965,.5237276,.31918892,.054953832,.30862141,.29917094,36.399006,34,.021383733,.13778007,.57959777,.2612384,.28090826,.49483904,.10903861,.39056909,.39702314,.34001648,.11805538,.31477314,.3728025,.36640835,.17442667,.39182034,.30066645,.38347888,.34464651,.26866326,.23628287,.23885775,.34295842,.24597533,.15148191,.13324399,3.5870934,2.4076939,.85455436,3.3136504,1.2794479,1.3781531,moz_2012_i2d2_incaf.dta,6.9179249,9.7891178,31.198389,3,3,1
Mauritania,MRT,2014,I2D2,mrt_2014_i2d2_epcv.dta,Sub-Saharan Africa,Lower middle income,1386,3179,9439,30669,.52918255,.50570494,.63016409,.57966721,.30446255,.14203887,.15155584,.11673632,.21714981,.036129598,,Passed all,,,,,,,,,,,,,,.59525508,.5,.58561194,.70833331,,,,,,,,,,,.14817801,35.881565,35,.18512489,.57731271,.16871274,.068849668,.27100152,.22463392,41.940197,41,.014330753,.30743176,.38244718,.29579034,.10554365,.66727912,.19660665,,.28194845,.3328132,.09099713,.10934497,,.16200536,.33001029,.2516948,.31876272,.24036625,.17744528,.2208373,.1398098,.27432048,.053788722,.068498008,.16133292,.09816359,,,,,,,mrt_2014_i2d2_epcv.dta,8.2650566,7.176465,22.958811,3,3,1
Mauritius,MUS,2011,I2D2,mus_2011_i2d2_cmphs.dta,Sub-Saharan Africa,Upper middle income,2142,13242,16753,32282,.16175804,,,,,.13474627,,,,,,"Age, gender, urban",,,,,,,,,,,,,,,,,,,,,,,,,,,,,,,,,,,,,,,,,,,,,,,,,,,,,,,,,,,,,,,,,,,,,,,mus_2011_i2d2_cmphs.dta,9.6914873,8.3526564,33.907021,9,9,1
Malawi,MWI,2013,I2D2,mwi_2013_i2d2_lfs.dta,Sub-Saharan Africa,Low income,1364,6608,16640,24203,.16917646,.15969422,.17764135,.25424585,.15350634,.06299708,.058492418,.067147061,.1305282,.05440899,.49218339,Passed all,-.086231731,.11754102,-.016113682,.27017862,.26472142,-.17195362,.28471345,-.082836948,-.86873502,-.38045594,.031096904,-.13935053,-.040407516,,,,,33.890999,10.415585,.80611104,.12774999,.32699019,.083450787,.6375156,.086949132,.29597709,.046462722,.52295989,32.43314,29,.684331,.22025222,.073693685,.021723103,.86037624,.55477899,37.419357,35,.20770678,.17509998,.34547198,.27172127,.7662313,.57026452,.60651404,.5184744,.5829497,.60573834,.60387981,.61765158,.61493647,.70415497,.50650477,.54546434,.54661489,.53827614,.50749534,.57148612,.59387136,.55140448,.52094448,.46539795,.53081995,.54916424,.32346317,.4916743,.070391387,.92403334,.68996322,.25661692,mwi_2013_i2d2_lfs.dta,7.0261106,8.6926374,25.05299,1,1,1
Namibia,NAM,2008,I2D2,nam_2008_i2d2_lfs.dta,Sub-Saharan Africa,Upper middle income,997,2759,3372,12275,.35100597,.33797857,.36429653,.37062648,.34059238,.28195283,.27138746,.29273972,.27012759,.28926641,.51164901,Passed all,.56855828,.29489782,.27525133,.37355968,.34478542,.017176559,-.28125659,-.17382349,-.11328802,.19401941,.17652777,.37059924,.78199905,.5787974,.70488721,.91474944,1.0857142,16.666668,11.111112,.90405148,.4684267,,,,,,,.48486337,34.083294,33,.098255113,.23644605,.61547416,.049824674,.66375679,.5137431,39.801006,39,.038416218,.12059582,.48828259,.35270536,.63389331,.70471942,.37112907,.65322387,.63382751,.69251293,.59834939,.47726199,.5688917,.49270815,.78813601,.63745975,.4843179,.5533334,.46383107,.60208678,.48298824,.66212189,.47361806,.49899897,.38574451,.37716997,4.1269369,2.6606255,1.7838371,3.4367552,1.6382705,1.4385546,nam_2008_i2d2_lfs.dta,,,,1,1,1
Niger,NER,2014,I2D2,ner_2014_i2d2_ecvma.dta,Sub-Saharan Africa,Low income,386,971,7490,14865,.37707323,,,,,.019749908,,,,,.60317498,Education,,,,,,,,,,,,,,,,,,,,,,,,,,,,,,,,,,,,,,,,,,,,,,,,,,,,,,,,,,,,,,,,,,,,,,,ner_2014_i2d2_ecvma.dta,6.8550625,5.3756509,16.8484,4,4,1
Nigeria,NGA,2009,I2D2,nga_2009_i2d2_lss.dta,Sub-Saharan Africa,Lower middle income,3645,6188,42652,91805,.60828215,.62228608,.58407009,.57989115,.65838349,.094636761,.11730471,.069793046,.14137682,.062513448,,Passed all,.13619836,,,,,,,,,,,.019782146,.36501193,,,,,8.5714293,6.3636365,,,,,,,,,.38909099,37.877327,35,.19373874,.20873114,.35074285,.24678726,.31544173,.35185543,41.542393,40,.091121085,.12730636,.24145301,.54011953,.39149615,.40142602,.33573559,.39983481,.33973828,.39611304,.32012838,.52821875,.48397496,.4611946,.5584287,.34766653,.36244452,.34782916,.34140769,.37538546,.25329685,.58603334,.34090763,.34337196,.22984406,.19446997,,,,,,,nga_2009_i2d2_lss.dta,8.4602184,,,2,2,1
Nicaragua,NIC,2005,I2D2,nic_2005_i2d2_emnv_v01_m_v03_a.dta,Latin America & Caribbean,Lower middle income,1023,6071,13633,22407,.14834027,.094055086,.25556195,.17002061,.10187142,.074682221,.048821524,.12144424,.10052645,.038903836,.32273293,Passed all,-.0016405937,-.13545999,-.23872644,-.019929109,-.0015082391,-.2953018,-.60155809,-.21269256,-.31669253,-.089849256,-.035069074,.1857803,-.1677157,.94272977,.98940229,.60499907,.72713131,4.8990111,6.4627252,,,.69323468,.25096136,.73830533,.26986441,,,.29380071,31.80468,28,.14708316,.37622595,.36484161,.11184928,.33548859,.5790652,35.613808,34,.013652575,.15379265,.34503099,.48752379,.21847343,.31901079,.47395289,.53848249,.76072133,.70502359,.38481224,.39017659,.34367383,.45195201,.50255281,.25587782,.73858285,.65038103,.61969322,.52520502,.35850149,.30588001,.30113298,.32303408,.28121188,.2567398,2.8438475,2.0028429,1.2660917,2.2193263,2.1246886,.86783242,nic_2005_i2d2_emnv_v01_m_v03_a.dta,,,,2,2,1
Nepal,NPL,2008,I2D2,npl_2008_i2d2_lfs.dta,South Asia,Low income,2070,7834,35296,47493,.23641659,.25126231,.19455172,.29213154,.2163358,.039469421,.066222996,.015970845,.10037203,.030470954,.15561785,Passed all,.33344939,-.079705872,-.62653601,.41394109,-.061494824,-.0038410889,.72637963,-.3010383,.11783932,.056342371,-.52589446,.2989462,.44907495,.64287025,.62071425,.74607641,.72128564,5.1726189,6,.0072383136,.034855425,,,.055092633,.013013603,,,.27613303,33.685974,32,.45968106,.21832076,.28602546,.035972733,.75439781,.21542411,36.6926,36,.092124179,.078920417,.64072889,.18822652,.67263174,.40824151,.075300895,.21125033,.35210219,.12043333,.19978438,.24552095,.36334997,.45491156,.25706059,.38819599,.37849498,.22322473,.19378917,.17580806,.10162339,.48079047,.33634123,.23095372,.16938193,.10197304,2.0801883,1.0333917,.74510396,1.5298712,1.2457335,.86500221,npl_2008_i2d2_lfs.dta,,,,1,1,1
Pakistan,PAK,2014,I2D2,pak_2014_i2d2_lfs.dta,South Asia,Lower middle income,5921,29322,76679,151038,.20341983,.19662307,.26267871,.20370838,.20312591,.074659958,.082666345,.045745406,.11436021,.055114523,.56327689,Passed all,.49031574,.2826421,.47342893,.27018183,.37111679,.11338466,.10640414,.40521854,.12223372,.18344536,.33551294,.41503978,1.0569978,.51220179,.47947836,.97684556,1,4.1711998,3.5999999,.96252716,.19072364,,,,,,,.095239893,32.374699,30,.32135546,.22579551,.35781932,.095029704,.49556768,.13286887,39.547897,40,.070779905,.065141685,.4529157,.4111627,.49466911,.37202817,.083519436,.29253808,.16264242,.015065702,.040534362,.026372952,.36987522,.048321791,.038090784,.093336716,.16374055,.11559351,.13252969,.11530459,.13762228,.29562008,.067537457,.033541974,.024952229,.028178047,2.5048747,.97077686,1.0531707,2.1275299,1.3983092,1.1055633,pak_2014_i2d2_lfs.dta,8.4823828,,,11,11,1
Panama,PAN,2012,I2D2,pan_2012_i2d2_eh_v01_m_v02_a.dta,Latin America & Caribbean,Upper middle income,2834,12035,19194,31586,.22639064,.17954348,.29387996,.23795886,.18168721,.15408501,.11846492,.20953701,.18543597,.0830345,.042505067,Passed all,.23926209,-.039536417,,,,,,,,,,.18902129,.29086831,.92116529,.96218771,.94362944,1.0168729,6.6666665,3.7974684,.11608396,.76525247,,,,,,,.37398598,36.293194,35,.014004014,.20290831,.50059962,.28248808,.21745758,.53187549,42.602703,43,.0010641831,.050636709,.35006022,.59823889,.16498438,.32667461,,,,,,,,,,,.5521431,.50448459,.53777862,.56859791,.50555003,.43973842,.36987028,.37824455,.3100729,.3588205,2.2476051,1.9174359,1.4425479,2.3121634,1.9025741,1.4152369,pan_2012_i2d2_eh_v01_m_v02_a.dta,9.8343077,5.757,21.63554,13,13,1
Peru,PER,2014,I2D2,per_2014_i2d2_enaho_v01_m_v01_a.dta,Latin America & Caribbean,Upper middle income,5697,25324,64854,85425,.18894246,.16582575,.22292894,.19257712,.16354324,.084474474,.083153792,.085967667,.10353337,.033591352,.3195051,Passed all,.081754074,-.13716371,-.1032557,-.24092075,-.16569363,-.11908481,-.70876575,-.22401328,-.19657461,-.12408959,-.18503419,.028227281,.14559463,.74986982,.76092321,.84779829,.8929823,6.6709456,4.5859432,,,,,,,,,.38785982,35.346642,33,.015238639,.14486708,.4785029,.3613914,.12910719,.47764212,43.423035,44,.0036261985,.043997277,.20038053,.75199598,.10835817,.22309443,,,,,,,,,,,.56237251,.50641614,.45938379,.46892527,.37678558,.53004932,.46719208,.41926157,.28868628,.23254992,2.4799275,1.2182904,1.065163,1.3231734,1.0341821,.93061358,per_2014_i2d2_enaho_v01_m_v01_a.dta,9.3965702,5.9789729,26.518999,14,14,1
Philippines,PHL,2014,I2D2,phl_2014_i2d2_lfs.dta,East Asia & Pacific,Lower middle income,6335,42045,79114,138490,.13767783,.10271197,.1943507,.12974186,.1489757,.078677706,.059968211,.10737221,.088247471,.069353186,,Passed all,.37131482,,,,,,,,,,,.17572044,.55916512,,,,,5.4499998,5.4549999,,,,,,,,,.35648534,34.21735,32,.0077842139,.23266937,.50128835,.25825807,.4071987,.53862596,40.739128,40,.001127804,.062858373,.2504043,.68560952,.44646293,.21410064,.38367176,.7663793,.59061438,.61238432,.30317432,.41860753,.59456301,.48438233,.62240577,.33169153,.43739161,.41120434,.56183136,.69552761,.58613145,.54118782,.33195105,.25158185,.31577799,.41981179,1.6555052,1.503243,1.0047741,2.2516172,1.8988903,1.3483789,phl_2014_i2d2_lfs.dta,8.85287,4.8192801,26.157619,15,15,1
Palau,PLW,2000,I2D2,plw_2000_i2d2_census.dta,East Asia & Pacific,Upper middle income,2653,5601,5714,10639,.47366542,,,,,.46486771,,,,,.5247525,"Age, gender, urban",,,,,,,,,,,,,,,,,,,,,,,,,,,,,,,,,,,,,,,,,,,,,,,,,,,,,,,,,,,,,,,,,,,,,,,plw_2000_i2d2_census.dta,,,,1,1,1
Papua New Guinea,PNG,2009,I2D2,png_2009_i2d2_hies.dta,East Asia & Pacific,Lower middle income,570,1414,6855,13787,.43304253,.42156345,.4457714,.45180109,.40829378,.031149819,.031676333,.030616166,.18424807,.014075227,,Passed all,.45753106,,,,,,,,,,,.42553842,.49623844,,,,,15,6.3601689,,,,,,,,,.46353954,33.746181,30,.0080594821,.40832189,.36572933,.21788932,.44998005,.48812383,32.086639,29,0,.21513118,.38179874,.40307009,.40651804,.16318409,.46117035,.53402549,.59104431,.3565385,.41583705,.549685,.43383971,.50418741,.43148527,.43466094,.43479526,.50257671,.56445712,.48413405,.46297202,.47305778,.4215062,.44348109,.54451472,.44336596,6.8834066,3.5409515,2.3084297,.553882,.11690631,.71740437,png_2009_i2d2_hies.dta,7.5970716,,,1,1,1
Poland,POL,2009,I2D2,pol_2009_i2d2_hbs_v01_m_v01_a.dta,Europe & Central Asia,High income,11134,33862,45537,90042,.33205169,,,,,.25581536,,,,,.34848627,Wage,,,,,,,,,,,,,,,,,,,,,,,,,,,,,,,,,,,,,,,,,,,,,,,,,,,,,,,,,,,,,,,,,,,,,,,pol_2009_i2d2_hbs_v01_m_v01_a.dta,9.8595095,11.03602,24.45438,9,9,1
Puerto Rico,PRI,2005,I2D2,pri_2005_i2d2_census.dta,Latin America & Caribbean,High income,2850,9238,10456,28650,.31177577,,,,,.27392694,,,,,,"Age, gender, urban",,,,,,,,,,,,,,,,,,,,,,,,,,,,,,,,,,,,,,,,,,,,,,,,,,,,,,,,,,,,,,,,,,,,,,,pri_2005_i2d2_census.dta,,,,2,2,1
Paraguay,PRY,2012,I2D2,pry_2012_i2d2_eph.dta,Latin America & Caribbean,Upper middle income,991,4523,10108,14805,.20727459,.15690149,.31536058,.22861688,.13759565,.09503147,.084028974,.11047377,.13213915,.037661023,.35236785,Passed all,.19152763,.075000294,,,,,,,,,,.19199562,.19095674,.87665689,.91454053,.81958932,.87751895,4.2755666,3.8552823,,,,,,,,,,32.259853,29,.010604987,.25351477,.48353413,.25234613,.25508603,.48366293,37.782166,36,.00099486986,.042361628,.22444052,.73220301,.15565288,.32257611,,,,,,,,,,,,,,,,,,,,,2.1731739,1.4787701,1.1327103,2.1823044,1.5567925,1.3362747,pry_2012_i2d2_eph.dta,8.9155903,12.64628,49.949772,12,12,1
Romania,ROM,2013,I2D2,rom_2013_i2d2_hbs_v01_m_v02_a.dta,Europe & Central Asia,Upper middle income,2588,16182,28669,58192,.16318801,,,,,.10119914,,,,,,Wage,,,,,,,,,,,,,,,,,,,,,,,,,,,,,,,,,,,,,,,,,,,,,,,,,,,,,,,,,,,,,,,,,,,,,,,rom_2013_i2d2_hbs_v01_m_v02_a.dta,9.8818874,8.0361776,23.741961,10,10,1
Russian Federation,RUS,2009,I2D2,rus_2009_i2d2_rlms.dta,Europe & Central Asia,High income,1588,3791,4147,7847,.46343014,.35460696,.55121875,.44052774,.6271801,.42241105,.32225603,.50353962,.4034726,.55284381,.49061242,Passed all,-.14606358,-.16840857,,,,,,,,,,-.12075719,-.16489124,.74665672,.76923078,.76074076,.6837607,5.9574471,5.1282053,.98747617,.88419551,.32612127,.16965172,,,,,.46293533,39.803146,39,0,.00053706038,.99678069,.0026822204,.085255094,.65834206,43.502758,44,0,.00052561366,.99814063,.0013337664,.16605638,,.67547208,.81748736,.80266625,.93110365,.64008355,.35329124,.56961358,.58582312,.87568027,.48169231,.80870271,.70821315,.69282258,.54948145,.52154744,.59378666,.50889313,.54419035,.36981818,.30984646,2.1505508,1.7076651,1.5345941,1.3485509,1.2099695,1.135219,rus_2009_i2d2_rlms.dta,9.8723373,10.89711,26.35079,10,10,1
Rwanda,RWA,2013,I2D2,rwa_2013_i2d2_eicv.dta,Sub-Saharan Africa,Low income,872,8444,32214,38387,.10345864,.10152999,.1068802,.14017247,.085818574,.02779129,.03744828,.019372297,.076972641,.018509798,.5122959,Passed all,.30143359,-.019155849,-.06070549,.26135534,.090512641,-.24580684,-.076886013,-.14820604,-.14120875,.2450289,.4676747,.18466417,.51005697,.56440383,.69044876,1.0131021,.87179494,10.8625,14.000001,,,,,,,,,.35910475,31.037216,28,.17183819,.62254041,.16689131,.0387301,.68874913,.37240222,34.692192,33,.018601516,.17733008,.40532726,.39874116,.56029087,.45503363,.14789207,.46393856,.46856952,.60433596,.40730447,.14670046,.37537876,.33480501,.54501957,.41755477,.34694076,.43118238,.35226554,.39566404,.34620872,.47818717,.5346089,.3139433,.19796434,.17280114,2.7377348,1.6275162,1.5898132,1.0221561,.76859981,1.2419649,rwa_2013_i2d2_eicv.dta,7.3584461,3.667783,13.27849,1,1,1
Senegal,SEN,2005,I2D2,sen_2005_i2d2_esps.dta,Sub-Saharan Africa,Low income,6042,7536,30271,70696,.75898844,,,,,.18495916,,,,,,Wage,,,,,,,,,,,,,,,,,,,,,,,,,,,,,,,,,,,,,,,,,,,,,,,,,,,,,,,,,,,,,,,,,,,,,,,sen_2005_i2d2_esps.dta,,,,2,2,1
Solomon Islands,SLB,2005,I2D2,slb_2005_i2d2_hies.dta,East Asia & Pacific,Lower middle income,997,1938,9519,14485,.50498354,.49049181,.53939384,.36901933,.61646807,.082407705,.10648618,.055372726,.19607015,.064153776,,Passed all,-.023578934,,,,,,,,,,,-.18450475,.39917785,.59255505,.6410256,1.0825605,1.0604651,30,30.529486,,,,,,,,,.27574208,35.573109,34,.046944294,.38953683,.38222724,.18129164,.4257172,.31653503,37.749226,36,.013976543,.17536399,.37791923,.43274024,.67076856,.42441466,.1880185,.39292195,.16763289,.45212102,.41093245,.20164151,.30183274,.044650126,.47759378,.087166607,.23073602,.26392445,.4495872,.36065558,.27358925,.34971556,.3449741,.21135983,.21412393,.21447718,3.8473265,.978486,1.9925767,1.3762777,.55573148,.6252107,slb_2005_i2d2_hies.dta,,,,1,1,1
Sierra Leone,SLE,2014,I2D2,sle_2014_i2d2_lfs.dta,Sub-Saharan Africa,Low income,490,1173,7541,15356,.39585057,,,,,.042521987,,,,,.56173509,Education,,,,,,,,,,,,,,,,,,,,,,,,,,,,,,,,,,,,,,,,,,,,,,,,,,,,,,,,,,,,,,,,,,,,,,,sle_2014_i2d2_lfs.dta,7.6103597,6.0615349,33.93726,2,2,1
El Salvador,SLV,2014,I2D2,slv_2014_i2d2_ehpm_v01_m_v01_a.dta,Latin America & Caribbean,Lower middle income,2452,18411,32351,57470,.1390163,.12505576,.16171819,.15999898,.08835388,.083658636,.080803357,.087548845,.10285021,.046070784,.26296949,Passed all,.44005769,.30803269,,,,,,,,,,.44446185,.43367746,.95251048,.982279,1.1035267,1.1621863,4.1610546,3.3182745,,,,,,,,,.37074542,34.906494,33,.057192527,.51818544,.31199798,.11262406,.310103,.44296953,41.398655,41,.011152728,.17484254,.30139852,.5126062,.1861378,.33851615,,,,,,,,,,,,,,,,,,,,,2.1407635,1.58998,1.219412,1.6971915,1.5517166,1.2542969,slv_2014_i2d2_ehpm_v01_m_v01_a.dta,9.0286179,9.2780657,43.367611,12,12,1
Serbia,SRB,2013,LIS,LIS,Europe & Central Asia,Upper middle income,,,,,.42361999,.38334,.47435999,.44069001,.38485,.29567999,.25670999,.34975001,.37435001,.19123,,,,,,,,,,,,,,,,,,,,,,,,,,,,,,.49548,44.248829,45,,,,,.27783,.40351999,40.230831,40,,,,,.32638001,,,,,,,,,,,,,,,,,,,,,,,,,,,,,9.5228214,10.13151,23.467779,2,2,1
Sao Tome and Principe,STP,2010,I2D2,stp_2010_i2d2_iof.dta,Sub-Saharan Africa,Lower middle income,772,1884,4347,7950,.39237654,,,,,.17341894,,,,,,Wage,,,,,,,,,,,,,,,,,,,,,,,,,,,,,,,,,,,,,,,,,,,,,,,,,,,,,,,,,,,,,,,,,,,,,,,stp_2010_i2d2_iof.dta,7.9057298,7.99895,16.925409,2,2,1
Slovenia,SVN,2012,LIS,LIS,Europe & Central Asia,High income,,,,,.32664001,.24797,.41870001,,,.27776,.20672999,.36458001,,,,,,,,,,,,,,,,,,,,,,,,,,,,,,,,.59061998,42.537979,43,,,,,,.39774999,40.09457,40,,,,,,,,,,,,,,,,,,,,,,,,,,,,,,,,,,10.257019,12.47495,27.832821,4,4,1
Swaziland,SWZ,2009,I2D2,swz_2009_i2d2_hies.dta,Sub-Saharan Africa,Lower middle income,661,2492,3477,8576,.2648977,,,,,.19071884,,,,,,Wage,,,,,,,,,,,,,,,,,,,,,,,,,,,,,,,,,,,,,,,,,,,,,,,,,,,,,,,,,,,,,,,,,,,,,,,swz_2009_i2d2_hies.dta,8.9087629,14.08312,43.071609,1,1,1
Seychelles,SYC,2013,I2D2,syc_2013_i2d2_hbs.dta,Sub-Saharan Africa,High income,1421,3196,3516,5272,.4472307,,,,,.40829796,,,,,,"Age, gender, urban",,,,,,,,,,,,,,,,,,,,,,,,,,,,,,,,,,,,,,,,,,,,,,,,,,,,,,,,,,,,,,,,,,,,,,,syc_2013_i2d2_hbs.dta,10.153219,6.6380019,18.66128,1,1,1
Chad,TCD,2011,I2D2,tcd_2011_i2d2_ecosit.dta,Sub-Saharan Africa,Low income,871,2221,10671,24865,.41990334,.3817763,.66337866,.3802799,.49137905,.044518515,.061235141,.021360334,.14290135,.024944158,.52493912,Passed all,.25734431,.04810388,-.049838558,-.35615379,.24379456,.12149312,.37437296,.32004648,-.23851584,.03693448,-1.1182249,.2279132,.45438746,,,,,12.285714,17.5,,,,,,,,,,35.277161,34,.40418172,.20077886,.24195229,.15308712,.31270543,.21389915,37.92091,36,.24134921,.16894631,.26346359,.3262409,.41735807,.47367084,.10989249,.19109291,0,.54621387,.19874103,.11824682,.12813243,.049098186,.34332389,.15821996,.17986889,.21906093,.18571816,.25645262,.21583627,.092835449,.059185319,.013389981,.084219307,.10210944,.55910736,.74343646,1.4105095,1.286077,1.0249678,1.1720121,tcd_2011_i2d2_ecosit.dta,7.5295949,4.3626742,19.482309,2,2,1
Togo,TGO,2011,I2D2,tgo_2011_i2d2_quibb.dta,Sub-Saharan Africa,Low income,548,2483,13031,16423,.22009729,.26498979,.13121596,.24497762,.17493662,.04171519,.068418451,.016259074,.057524569,.024521995,,Passed all,.36749911,,,,,,,,,,,.27735123,.69971365,,,,,39.999996,10.892308,,,,,,,,,.37382993,34.039104,32,.27783558,.3660534,.28978658,.066324472,.37579471,.20006664,40.581093,40,.026205007,.1320596,.56077129,.28096411,.28233832,.3602286,.15599096,.14016333,.22267464,.31353801,.13833663,0,.21314225,.18351042,.32642156,.46778879,.28369924,.21850176,.21899588,.097703986,.16497043,.58345264,.51585394,.26798058,.18386307,.21948336,1.6849802,1.9765688,1.3160573,2.1660998,1.7548234,1.0323446,tgo_2011_i2d2_quibb.dta,7.1349607,5.906395,24.80636,3,3,1
Thailand,THA,2011,I2D2,tha_2011_i2d2_hses.dta,East Asia & Pacific,Upper middle income,9271,32714,73319,102968,.21814223,.214809,.22218625,.22666545,.21076824,.092759266,.096981138,.088252842,.13258354,.072498135,,Passed all,-.66514677,,,,,,,,,,,-.76507056,-.54221117,.76195771,.56666666,.94344431,.93769234,23.462999,8.1199989,,,,,,,,,.44948769,37.34306,36,0,.45089835,.35607079,.19303086,.54120255,.46020082,42.698288,43,0,.156624,.23737235,.60600364,.5180223,.36591962,.2037472,.61394465,.47207996,.68235648,.4620074,.39208779,.52009487,.54402071,.67317891,.54984885,.43974096,.48074916,.46321332,.43496138,.4791092,.52322954,.44323123,.4430688,.46456382,.31977677,1.9369241,1.2241105,1.0498015,1.112233,1.6789356,1.4057615,tha_2011_i2d2_hses.dta,9.5218077,7.226068,34.206242,2,2,1
Tajikistan,TJK,2013,I2D2,tjk_2013_i2d2_jmsc.dta,Europe & Central Asia,Low income,1554,3582,4552,10688,.38112906,.34404424,.49241424,.52427745,.32236722,.2945655,.27693906,.33994207,.4185718,.24584921,.58246922,Passed all,.022034544,-.23840611,-.027952326,-.11509573,-.12005968,-.59369975,,,,,,-.055792131,.21953958,.4866887,.5,.54774868,.63291138,13.333334,7.5,.77848244,.35958895,,,,,,,.20500253,34.670475,32,.03036844,.18332371,.68536419,.10094365,.77628726,.32293004,39.835495,39,.0081553254,.068068281,.53523368,.38854274,.5996626,.60459876,,,,,,,,,,,.53226328,.49182233,.35688174,.20393413,.14396021,.43238071,.20027918,.17625132,.098946229,.07171277,,,,,,,tjk_2013_i2d2_jmsc.dta,7.8425093,6.581244,23.717051,2,2,1
Timor-Leste,TMP,2010,I2D2,tmp_2010_i2d2_lfs.dta,East Asia & Pacific,Lower middle income,943,1579,7336,13199,.70804584,.70918816,.70408982,.62258029,.79110718,.16753536,.19205011,.11591984,.29002294,.12663117,.84965444,Passed all,-.034525018,-.062719651,-.65463436,-.072356634,.089145891,-.60450816,-.54359365,-.5156396,-.1546919,-.17698832,-.03276341,-.13172559,.34749359,.7018795,.70833331,1.0096955,.97647065,6,4.083333,.92341465,.39627054,,,,,,,.2270909,34.980923,35,.23201428,.30204937,.42851868,.037417687,.36285311,.22280306,39.458725,39,.055447001,.14936432,.61600733,.17918137,.56662524,.84029514,.071061641,.29751191,.31911826,.33676094,.095277719,.35714287,.44772726,.4553473,.62025315,.19833617,.15571684,.23120874,.2825394,.15518993,.23153692,.47410744,.21507311,.12933569,.080691643,.16494156,.6610508,1.5042827,1.0216894,.78728694,1.2487997,1.0015652,tmp_2010_i2d2_lfs.dta,7.5214405,2.58232,13.82103,1,1,1
Tunisia,TUN,2011,I2D2,tun_2011_i2d2_enpe.dta,Middle East & North Africa,Upper middle income,596,1216,2150,6148,.50390899,,,,,.26601663,,,,,,Wage,,,,,,,,,,,,,,,,,,,,,,,,,,,,,,,,,,,,,,,,,,,,,,,,,,,,,,,,,,,,,,,,,,,,,,,tun_2011_i2d2_enpe.dta,9.2305155,12.13192,43.31591,3,3,1
Turkey,TUR,2010,I2D2,tur_2010_i2d2_lfs_v01_m_v01_a.dta,Europe & Central Asia,Upper middle income,22367,92239,159343,384846,.21259862,,,,,.12948899,,,,,.27555719,Education,,,,,,,,,,,,,,,,,,,,,,,,,,,,,,,,,,,,,,,,,,,,,,,,,,,,,,,,,,,,,,,,,,,,,,,tur_2010_i2d2_lfs_v01_m_v01_a.dta,9.6906538,7.7795138,21.202789,4,4,1
Tanzania,TZA,2014,I2D2,tza_2014_i2d2_lfs.dta,Sub-Saharan Africa,Low income,1367,5179,19331,29034,.30497,.28538954,.34272701,.29199556,.34506562,.042560559,.05156865,.033212371,.088091858,.018114256,.30497,Passed all,.29555517,.29555517,,,,,,,,,,,,,,,,10.444445,5.5055556,,,,,.86343127,.19377883,.72754204,.093538783,.32294318,31.698475,29,,,,,,.3837736,40.875332,40,,,,,,.56641102,,,,,,,,,,,.29508504,.42317146,.48039225,.4149276,.3046762,.48076314,.47049409,.30359274,.20645589,.13592684,,,,,,,tza_2014_i2d2_lfs.dta,7.8427372,5.4916821,30.477171,6,6,1
Uganda,UGA,2016,I2D2,uga_2016_i2d2_unhs.dta,Sub-Saharan Africa,Low income,1052,6255,29056,40887,.14104784,,,,,.031989206,,,,,.39483729,Wage,,,,,,,,,,,,,,,,,,,,,,,,,,,,,,,,,,,,,,,,,,,,,,,,,,,,,,,,,,,,,,,,,,,,,,,uga_2016_i2d2_unhs.dta,,,,4,4,1
Ukraine,UKR,2013,I2D2,ukr_2013_i2d2_hlcs_v01_m_v02_a.dta,Europe & Central Asia,Lower middle income,3214,8545,9185,20805,.41597608,.31136569,.52326566,.39067435,.49470896,.38665736,.28254139,.49884063,.36501905,.45258701,,Passed all,-.042171564,,,,,,,,,,,-.056160521,-.029309804,.74638504,.75801098,.74571228,.77155232,3.1521356,2.8966651,,,,,,,,,.40298581,39.220852,38,0,.00033625259,.50484431,.49481946,.21041813,.62100887,42.389103,42,0,0,.32690832,.67309171,.28923684,.46111488,,,,,,,,,,,.76765901,.6946494,.68332338,.56350189,.36725718,.55504835,.51316226,.41520068,.31834006,.1641759,,,,,,,ukr_2013_i2d2_hlcs_v01_m_v02_a.dta,9.0629921,11.44555,23.79038,11,11,1
Uruguay,URY,2014,I2D2,ury_2014_i2d2_ech_v01_m_v01_a.dta,Latin America & Caribbean,High income,9580,45091,62385,104930,.20372486,.17740561,.23413484,.2077423,.12004409,.14880957,.12516397,.1782988,.15404812,.066857219,.2239873,Passed all,.22803524,.17785978,.34304121,.27445108,.22670172,.088024199,-.22205198,-.063766703,.092323631,.13593073,.31509817,.10343473,.35159737,.67803574,.67087603,.88988155,.8723405,5.6475897,3.2982121,,,.93520063,.86896789,.99989438,.84430403,,,.44622692,37.70211,36,.0033462297,.22489496,.59079695,.18096189,.05062408,.53319818,42.441414,42,.0011759154,.089813076,.42719498,.48181602,.026993312,.31737787,.56577289,.71860945,.50399107,.63995475,.53310102,.28610587,.58767498,.40090773,.61715001,.52848583,.61452144,.59398711,.50688356,.49248567,.45776188,.68622893,.53818655,.41712478,.32152131,.24801984,3.0905435,1.5819886,1.2657728,1.9266976,1.1887971,1.1603043,ury_2014_i2d2_ech_v01_m_v01_a.dta,9.9455528,5.2228689,16.23724,8,8,1
United States,USA,2013,LIS,LIS,North America,High income,,,,,.23165999,.1867,.27963001,,,.20874,.16407999,.25894001,,,,,-.039999999,,,,,,,,,,,,,,,,,,,,,,,,,,,.58403999,44.052582,44,,,,,,.45366001,40.57288,40,,,,,,,,,,,,,,,,,,,,,,,,,,,,,,,,,,10.871617,9.4101582,25.98271,1,1,1
Uzbekistan,UZB,2003,I2D2,uzb_2003_i2d2_hbs_v01_m_v02_a.dta,Europe & Central Asia,Lower middle income,3223,8807,12144,32325,.37280041,.30532524,.47221759,.48393592,.30131865,.28037801,.22287951,.37210122,.34569085,.23507464,,Passed all,.049474351,,,,,,,,,,,.086235583,-.00051329244,.87585151,.79999995,.74525595,.74000001,7.8333335,4.9999995,,,,,,,,,.34021762,35.173801,34,.002582351,.067315958,.69344163,.23666008,.67792916,.51212198,36.087128,36,.0014843297,.021582568,.33805656,.63887656,.49188155,.50777107,.56789142,.62119031,.14928468,.26199645,.30808979,.34349957,.46813545,.28913987,.40594071,.67824072,.6243732,.62078875,.54697597,.42510226,.32767949,.45189336,.32523701,.28527853,.27989101,.29888648,1.0050237,.88535041,.71651,.62257493,.49994692,.78620911,uzb_2003_i2d2_hbs_v01_m_v02_a.dta,,,,1,1,1
"Venezuela, RB",VEN,2006,I2D2,ven_2006_i2d2_ehm.dta,Latin America & Caribbean,Upper middle income,12493,38455,66282,113925,.28668213,,,,,.16774027,,,,,.39010206,"Age, gender, urban",,,,,,,,,,,,,,,,,,,,,,,,,,,,,,,,,,,,,,,,,,,,,,,,,,,,,,,,,,,,,,,,,,,,,,,ven_2006_i2d2_ehm.dta,,,,7,7,1
Vietnam,VNM,2010,I2D2,vnm_2010_i2d2_lfs.dta,East Asia & Pacific,Lower middle income,66945,179358,512134,688058,.28460789,.25938505,.32222548,.38386288,.20650768,.096180074,.10170321,.090293549,.20707019,.053936321,,Passed all,-.04106855,,,,,,,,,,,-.087770343,.021089304,.82445008,.83720934,.8793574,.83333337,2.916667,3.7538459,,,,,,,,,.38027343,32.224205,30,.029228546,.32198119,.56770623,.081084035,.62073612,.45443088,37.258003,36,.0013423174,.041589685,.48210171,.47496629,.40606701,.62415922,.24489075,.50758255,.60774934,.41834325,.50361651,.24054104,.48649842,.53913736,.528355,.3941099,.46773186,.51956874,.49083307,.44358373,.29502943,.53628457,.44988236,.35308355,.26138607,.26909414,1.9297112,1.6350312,1.0314981,1.6575986,1.6883433,1.2722024,vnm_2010_i2d2_lfs.dta,8.388339,,,4,4,1
West Bank and Gaza,WBG,2007,I2D2,wbg_2007_i2d2_lfs_1.dta,Middle East & North Africa,Lower middle income,2058,4236,7153,23033,.4722169,.44779322,.59412438,.45928556,.48940822,.28814194,.28039119,.3215839,.28016907,.29874852,,Passed all,.047369432,,,,,,,,,,,,,.60536033,.54945058,1.0150971,1,6,3.0220091,,,,,,,,,.12835486,31.736418,30,.0064752391,.48277891,.30181915,.20892671,.41530684,.20999584,35.501091,34,.0021895617,.18883297,.22440487,.58457261,.44491848,.58872825,.21931706,.38759452,.2279862,.29581207,.077449374,.22163416,.42941615,.50817519,.39494121,.03481207,.14205253,.24083434,.26541457,.20441605,.22630619,.29888231,.1151007,.099529624,.074680127,.037368976,1.8161508,1.1822431,.86609077,1.942678,1.4302096,1.3218149,wbg_2007_i2d2_lfs_1.dta,,,,4,4,1
South Africa,ZAF,2001,I2D2,zaf_2001_i2d2_lfs_1.dta,Sub-Saharan Africa,Upper middle income,4663,20903,29982,73010,.23128901,.21971305,.24633314,.2441033,.19488752,.1623273,.16407318,.16037658,.18754776,.11031119,.31771386,Passed all,.4584367,.23839243,.35424826,.31960702,.2929534,.01867081,-.1359392,-.18218309,.0087629929,.13106386,.34781867,.36992612,.5761252,.67508721,.53701574,.92069662,1,11.333333,8,.77211571,.50516587,.56418192,.19997957,.84787065,.42885599,.64322037,.22965911,.426348,36.983921,36,.076106638,.18501046,.63845271,.10043018,.27269882,.46314365,39.72464,39,.029377265,.081782483,.47421375,.41462651,.21939099,.44598031,.28619742,.52255559,.61775804,.61770409,.50219023,.21045841,.46532306,.44626316,.71319348,.62944067,.50958008,.38759014,.44348475,.51513344,.41519096,.60711867,.51421684,.36343807,.27572677,.3133609,2.8876631,2.5559657,1.5145743,2.0328898,1.5937469,1.117543,zaf_2001_i2d2_lfs_1.dta,,,,2,2,1
"Congo, Dem. Rep.",ZAR,2012,I2D2,zar_2012_i2d2_e123.dta,Sub-Saharan Africa,Low income,2531,6606,37871,60272,.36595556,.37172765,.34664595,.32499185,.45920485,.060525976,.09380839,.026630886,.12375107,.03319947,.4826254,Passed all,-.15473847,-.28766966,.022946252,-.24984933,-.20268056,-.43350565,,,,,,-.18753479,-.041511949,.69787568,.6857143,.85781491,1.0181819,20.833334,9.999999,.74422771,.46373892,,,,,,,.23714057,38.278378,36,.095411472,.19106573,.46483901,.2486838,.26032606,.2179891,43.60482,42,.036170714,.12987095,.50343883,.3305195,.38298583,.27688062,,,,,,,,,,,.17318037,.26827794,.21996909,.24037397,.2045279,.31469974,.27760267,.2661694,.18751441,.14092129,,,,,,,zar_2012_i2d2_e123.dta,6.4806404,4.8326588,31.32192,2,2,1
Zambia,ZMB,2015,I2D2,zmb_2015_i2d2_lcms.dta,Sub-Saharan Africa,Lower middle income,2712,5110,19701,40980,.40707916,,,,,.08781939,,,,,.63639945,Wage,,,,,,,,,,,,,,,,,,,,,,,,,,,,,,,,,,,,,,,,,,,,,,,,,,,,,,,,,,,,,,,,,,,,,,,zmb_2015_i2d2_lcms.dta,8.2565184,8.7581863,34.138321,3,3,1
Zimbabwe,ZWE,2007,I2D2,zwe_2007_i2d2_ices.dta,Sub-Saharan Africa,Low income,691,4796,28862,38181,.1330072,.11861344,.16277644,.13686782,.12816814,.032074101,.038239881,.025803771,.087564185,.015116726,.16882578,Passed all,,,,,,,,,,,,,,,,,,,,.9777354,.7018618,,,.94352531,.58351594,,,.31473252,33.943783,32,.03730331,.37546417,.45495203,.13228048,.3777881,.39887065,36.415398,36,.0023563262,.085068338,.385636,.52693933,.36016485,.26649782,.16826588,.54063886,.27968031,.53113484,.32525408,.26423401,.34158617,.31530824,.50248253,.35799795,.33917236,.32286352,.49993172,.31870195,.4433772,.34590587,.31737691,.32252735,.21968302,.25847718,,,,,,,zwe_2007_i2d2_ices.dta,,,,2,2,1
